City_ID,City,Country,Date,Lat,Lng,Max Temp,Humidity,Cloudiness,Wind Speed
0,Bluff,NZ,2021-05-14 19:13:37,-46.6,168.3333,48.99,83,100,15.99
1,New Norfolk,AU,2021-05-14 19:13:37,-42.7826,147.0587,39.0,84,86,2.57
2,Miri,MY,2021-05-14 19:13:37,4.4148,114.0089,80.6,89,40,3.44
3,Luau,AO,2021-05-14 19:13:38,-10.7073,22.2247,65.3,59,0,2.3
4,Sioux Lookout,CA,2021-05-14 19:13:38,50.1001,-91.917,66.2,37,90,12.66
5,Kikwit,CD,2021-05-14 19:13:39,-5.041,18.8162,78.8,60,100,2.01
6,Vila Franca Do Campo,PT,2021-05-14 19:13:39,37.7167,-25.4333,66.2,88,40,11.5
7,Ushuaia,AR,2021-05-14 19:11:30,-54.8,-68.3,50.0,66,0,3.44
8,Qaanaaq,GL,2021-05-14 19:13:40,77.484,-69.3632,33.96,79,96,9.55
9,Bredasdorp,ZA,2021-05-14 19:13:40,-34.5322,20.0403,60.8,72,1,4.61
10,Pincher Creek,CA,2021-05-14 19:13:40,49.4833,-113.952,62.01,51,1,5.75
11,San Jose De Guanipa,VE,2021-05-14 19:13:41,8.8872,-64.1651,87.12,44,100,11.59
12,Rikitea,PF,2021-05-14 19:13:41,-23.1203,-134.9692,76.06,74,100,24.34
13,Ashland,US,2021-05-14 19:13:42,40.8167,-82.2665,64.99,33,99,1.99
14,Esperance,AU,2021-05-14 19:13:42,-33.8667,121.9,51.8,87,83,5.75
15,Lorengau,PG,2021-05-14 19:13:42,-2.0226,147.2712,81.5,82,69,9.22
16,Punta Arenas,CL,2021-05-14 19:13:43,-53.15,-70.9167,46.4,87,0,8.05
17,Salalah,OM,2021-05-14 19:13:44,17.0151,54.0924,84.2,84,40,2.3
18,Bengkulu,ID,2021-05-14 19:12:04,-3.8004,102.2655,76.35,92,100,5.1
19,Tura,IN,2021-05-14 19:13:45,25.5198,90.2201,70.0,91,3,5.93
20,Haimen,CN,2021-05-14 19:13:45,23.1935,116.6142,78.8,89,20,2.24
21,Souillac,MU,2021-05-14 19:13:46,-20.5167,57.5167,77.0,73,40,11.5
22,Busselton,AU,2021-05-14 19:13:46,-33.65,115.3333,61.0,72,100,3.0
23,South Ogden,US,2021-05-14 19:13:47,41.1919,-111.9713,80.6,16,1,5.44
24,Castro,BR,2021-05-14 19:13:47,-24.7911,-50.0119,62.67,64,100,3.24
25,Barrow,US,2021-05-14 19:13:47,71.2906,-156.7887,19.4,86,90,6.91
26,Tezu,IN,2021-05-14 19:13:48,27.9167,96.1667,66.88,95,100,3.8
27,Clarence Town,AU,2021-05-14 19:13:48,-32.5833,151.7833,52.0,87,65,10.36
28,Vaini,TO,2021-05-14 19:13:48,-21.2,-175.2,73.4,83,40,4.61
29,Khatanga,RU,2021-05-14 19:13:49,71.9667,102.5,17.94,96,100,3.85
30,Mataura,NZ,2021-05-14 19:13:49,-46.1927,168.8643,48.99,83,100,15.99
31,Kodiak,US,2021-05-14 19:13:50,57.79,-152.4072,42.8,93,90,11.5
32,Quatre Cocos,MU,2021-05-14 19:13:50,-20.2078,57.7625,77.0,73,40,11.5
33,Klyuchi,RU,2021-05-14 19:13:51,52.2667,79.1667,53.53,47,100,3.47
34,Nabari,JP,2021-05-14 19:13:51,34.6167,136.0833,69.01,92,100,3.62
35,Tari,NG,2021-05-14 19:13:51,12.4086,4.4914,90.25,39,87,11.72
36,Norsup,VU,2021-05-14 19:13:52,-16.0667,167.3833,78.62,81,100,2.73
37,Mountain Home,US,2021-05-14 19:13:52,43.133,-115.6912,77.0,19,40,6.91
38,Hilo,US,2021-05-14 19:10:27,19.7297,-155.09,80.6,65,90,4.61
39,Esso,RU,2021-05-14 19:13:53,55.9333,158.7,24.55,92,30,4.97
40,Thyboron,DK,2021-05-14 19:13:53,56.6985,8.2124,50.0,3,84,10.38
41,Ribeira Grande,PT,2021-05-14 19:13:54,38.5167,-28.7,66.2,94,75,13.8
42,Provideniya,RU,2021-05-14 19:13:54,64.3833,-173.3,42.93,61,65,14.85
43,Upernavik,GL,2021-05-14 19:13:54,72.7868,-56.1549,34.02,83,100,2.55
44,Atuona,PF,2021-05-14 19:13:55,-9.8,-139.0333,79.54,75,63,18.45
45,Hobart,AU,2021-05-14 19:08:56,-42.8794,147.3294,39.0,87,90,6.91
46,Jamestown,US,2021-05-14 19:12:28,42.097,-79.2353,66.99,29,40,10.36
47,La Ronge,CA,2021-05-14 19:13:55,55.1001,-105.2842,51.8,54,75,12.66
48,Thunder Bay,CA,2021-05-14 19:09:16,48.4001,-89.3168,71.6,21,75,12.03
49,Albany,US,2021-05-14 19:13:56,42.6001,-73.9662,75.0,20,36,1.01
50,Susanville,US,2021-05-14 19:11:46,40.4163,-120.653,78.01,23,1,6.91
51,Tuktoyaktuk,CA,2021-05-14 19:13:57,69.4541,-133.0374,28.4,80,75,12.66
52,La Paz,BO,2021-05-14 19:13:57,-16.5,-68.15,57.43,34,26,4.61
53,Tucuman,AR,2021-05-14 19:13:58,-26.8241,-65.2226,73.4,53,0,8.05
54,Pevek,RU,2021-05-14 19:13:58,69.7008,170.3133,17.6,93,39,3.29
55,Cape Town,ZA,2021-05-14 19:12:35,-33.9258,18.4232,64.99,77,75,9.22
56,San Miguel,SV,2021-05-14 19:13:59,13.4833,-88.1833,98.6,41,0,5.75
57,Lodwar,KE,2021-05-14 19:13:59,3.1191,35.5973,86.13,48,0,5.32
58,Puerto Ayora,EC,2021-05-14 19:13:59,-0.7393,-90.3518,82.4,65,40,17.27
59,Georgetown,MY,2021-05-14 19:14:00,5.4112,100.3354,82.0,89,40,6.91
60,Tilichiki,RU,2021-05-14 19:14:01,60.4667,166.1,23.5,85,11,5.21
61,Saint-Philippe,RE,2021-05-14 19:14:02,-21.3585,55.7679,75.2,78,0,4.61
62,Severo-Kurilsk,RU,2021-05-14 19:14:02,50.6789,156.125,38.16,68,0,5.73
63,Hambantota,LK,2021-05-14 19:14:03,6.1241,81.1185,80.69,76,97,13.56
64,Airai,TL,2021-05-14 19:14:03,-8.9266,125.4092,55.62,80,100,3.24
65,Saskylakh,RU,2021-05-14 19:14:03,71.9167,114.0833,29.23,97,100,11.97
66,Bundaberg,AU,2021-05-14 19:14:04,-24.85,152.35,55.99,71,14,5.75
67,Harper,LR,2021-05-14 19:14:04,4.375,-7.7169,80.37,84,29,9.01
68,Parauna,BR,2021-05-14 19:14:05,-16.9478,-50.4486,82.67,34,5,0.54
69,East London,ZA,2021-05-14 19:14:05,-33.0153,27.9116,75.2,38,0,6.91
70,Margate,GB,2021-05-14 19:14:05,51.3813,1.3862,52.0,70,19,6.17
71,Carleton Place,CA,2021-05-14 19:14:06,45.1334,-76.1494,73.99,33,93,1.99
72,Sao Jose Da Coroa Grande,BR,2021-05-14 19:14:06,-8.8978,-35.1478,78.76,82,99,10.22
73,Bousse,BF,2021-05-14 19:14:06,12.6606,-1.8922,102.2,27,20,9.22
74,Kapaa,US,2021-05-14 19:14:07,22.0752,-159.319,78.8,65,1,17.27
75,Santa Isabel Do Rio Negro,BR,2021-05-14 19:14:07,-0.4139,-65.0192,82.53,81,34,4.47
76,Luangwa,ZM,2021-05-14 19:14:08,-15.6167,30.4167,68.05,62,0,1.61
77,Filadelfia,US,2021-05-14 19:11:46,39.9523,-75.1638,75.99,20,40,6.91
78,Sosua,DO,2021-05-14 19:14:08,19.7667,-70.5167,91.4,58,20,18.41
79,Resistencia,AR,2021-05-14 19:14:09,-27.4606,-58.9839,78.01,50,40,6.91
80,Chuy,UY,2021-05-14 19:14:09,-33.6971,-53.4616,64.27,50,12,3.42
81,Tasiilaq,GL,2021-05-14 19:14:10,65.6145,-37.6368,32.0,80,1,6.91
82,Thinadhoo,MV,2021-05-14 19:14:10,0.5333,72.9333,81.9,80,100,17.11
83,Baneh,IR,2021-05-14 19:14:11,35.9975,45.8853,59.29,51,0,8.16
84,Narsaq,GL,2021-05-14 19:14:11,60.9167,-46.05,50.0,22,40,6.91
85,Cockburn Town,TC,2021-05-14 19:14:11,21.4612,-71.1419,79.81,76,3,12.93
86,Virginia Beach,US,2021-05-14 19:11:56,36.8529,-75.978,73.4,28,20,8.05
87,Acapulco,MX,2021-05-14 19:14:12,16.8634,-99.8901,87.8,74,40,11.5
88,Pauini,BR,2021-05-14 19:14:12,-7.7136,-66.9764,80.51,83,100,2.57
89,Micheweni,TZ,2021-05-14 19:14:13,-4.9667,39.8333,78.8,80,32,13.91
90,Bethel,US,2021-05-14 19:14:13,41.3712,-73.414,75.2,22,90,5.75
91,Pinega,RU,2021-05-14 19:14:13,64.7001,43.3936,58.55,70,73,4.29
92,Champerico,GT,2021-05-14 19:14:14,14.3,-91.9167,91.4,58,40,6.91
93,Fortuna,US,2021-05-14 19:14:14,40.5982,-124.1573,52.0,100,90,10.36
94,Canutama,BR,2021-05-14 19:14:15,-6.5339,-64.3831,88.43,57,49,4.16
95,Port Elizabeth,ZA,2021-05-14 19:14:15,-33.918,25.5701,60.8,82,0,4.61
96,Yali,CO,2021-05-14 19:14:15,6.6746,-74.8343,79.77,61,100,3.76
97,Boffa,GN,2021-05-14 19:14:16,10.1667,-14.0333,81.46,67,23,9.08
98,Tiksi,RU,2021-05-14 19:14:16,71.6872,128.8694,32.16,96,100,6.04
99,Carnarvon,AU,2021-05-14 19:14:17,-24.8667,113.6333,64.4,88,0,6.91
100,Mumford,GH,2021-05-14 19:14:17,5.2618,-0.759,81.36,82,10,11.32
101,Port-Gentil,GA,2021-05-14 19:14:18,-0.7193,8.7815,82.4,83,40,6.91
102,Sumkino,RU,2021-05-14 19:14:18,58.1108,68.3244,65.52,53,14,6.53
103,Tarakan,ID,2021-05-14 19:12:14,3.3,117.6333,80.19,82,100,0.36
104,Mount Gambier,AU,2021-05-14 19:14:19,-37.8333,140.7667,46.4,81,75,17.27
105,Tianjin,CN,2021-05-14 19:14:19,39.1422,117.1767,62.6,94,100,6.71
106,Dikson,RU,2021-05-14 19:14:20,73.5069,80.5464,21.97,73,100,15.77
107,Baglung,NP,2021-05-14 19:14:20,28.2719,83.5898,63.55,81,45,3.65
108,Nikolskoye,RU,2021-05-14 19:14:21,59.7035,30.7861,62.6,55,0,6.71
109,Aripuana,BR,2021-05-14 19:14:21,-9.1667,-60.6333,88.14,54,97,1.86
110,Saint George,US,2021-05-14 19:13:47,37.1041,-113.5841,91.99,8,1,5.75
111,Yellowknife,CA,2021-05-14 19:14:21,62.456,-114.3525,27.0,74,90,11.5
112,Rosario,AR,2021-05-14 19:14:22,-32.9468,-60.6393,73.0,32,0,5.75
113,Nanortalik,GL,2021-05-14 19:14:22,60.1432,-45.2371,41.04,67,100,7.65
114,Ust-Nera,RU,2021-05-14 19:14:23,64.5667,143.2,28.11,72,100,3.24
115,Saint Anthony,US,2021-05-14 19:14:24,45.0205,-93.218,64.4,55,75,14.97
116,Kruisfontein,ZA,2021-05-14 19:14:24,-34.0033,24.7314,67.8,54,97,12.26
117,Mahebourg,MU,2021-05-14 19:14:24,-20.4081,57.7,77.0,73,40,11.5
118,Isangel,VU,2021-05-14 19:14:25,-19.55,169.2667,76.48,88,9,2.71
119,Port Alfred,ZA,2021-05-14 19:14:25,-33.5906,26.891,72.75,46,86,8.46
120,Broken Hill,AU,2021-05-14 19:14:25,-31.95,141.4333,46.4,81,75,5.75
121,San Quintin,MX,2021-05-14 19:14:26,30.4833,-115.95,65.75,61,0,13.42
122,Luderitz,NA,2021-05-14 19:14:26,-26.6481,15.1594,66.51,53,0,2.37
123,Tecoanapa,MX,2021-05-14 19:14:27,16.5167,-98.75,89.15,62,100,12.03
124,Qasigiannguit,GL,2021-05-14 19:14:27,68.8193,-51.1922,39.2,52,75,4.61
125,Manado,ID,2021-05-14 19:14:27,1.487,124.8455,77.0,94,20,1.14
126,Gizo,SB,2021-05-14 19:14:28,-8.103,156.8419,82.38,75,11,3.71
127,Quepos,CR,2021-05-14 19:14:28,9.4236,-84.1652,80.6,65,75,19.57
128,Torbay,CA,2021-05-14 19:14:28,47.6666,-52.7314,48.2,61,90,9.22
129,Meulaboh,ID,2021-05-14 19:14:29,4.1363,96.1285,76.57,90,99,2.91
130,Shimoda,JP,2021-05-14 19:14:29,34.6667,138.95,64.0,87,100,1.99
131,Nyurba,RU,2021-05-14 19:14:30,63.2842,118.3319,42.21,57,19,5.19
132,Cabo San Lucas,MX,2021-05-14 19:14:30,22.8909,-109.9124,96.8,23,1,6.91
133,Olafsvik,IS,2021-05-14 19:14:30,64.8945,-23.7142,41.86,67,27,7.65
134,Ponta Delgada,PT,2021-05-14 19:14:31,37.7333,-25.6667,66.2,88,40,11.5
135,Cherskiy,RU,2021-05-14 19:14:31,68.75,161.3,25.7,93,62,2.57
136,Vardo,NO,2021-05-14 19:14:32,70.3705,31.1107,35.6,75,75,16.11
137,Hithadhoo,MV,2021-05-14 19:14:32,-0.6,73.0833,81.32,80,100,13.98
138,Tessaoua,NE,2021-05-14 19:14:32,13.7574,7.9874,94.32,18,12,8.39
139,Talnakh,RU,2021-05-14 19:14:33,69.4865,88.3972,16.3,94,77,7.61
140,Hermanus,ZA,2021-05-14 19:13:10,-34.4187,19.2345,66.99,73,14,3.0
141,Aksarka,RU,2021-05-14 19:14:33,66.5606,67.7975,33.8,76,100,13.22
142,Kotka,FI,2021-05-14 19:14:34,60.4664,26.9458,59.0,58,0,4.61
143,Kahului,US,2021-05-14 19:14:34,20.8947,-156.47,75.2,73,20,12.66
144,Thompson,CA,2021-05-14 19:14:34,55.7435,-97.8558,30.2,86,90,11.5
145,Port Hardy,CA,2021-05-14 19:10:00,50.6996,-127.4199,50.0,76,90,10.36
146,Joensuu,FI,2021-05-14 19:14:35,62.6012,29.7632,55.4,82,90,4.61
147,Killybegs,IE,2021-05-14 19:14:36,54.6333,-8.45,53.6,66,0,4.61
148,Plouzane,FR,2021-05-14 19:14:36,48.3833,-4.6167,50.0,81,75,16.11
149,Nedjo,ET,2021-05-14 19:14:36,9.5046,35.5019,59.27,95,100,4.97
150,Bloomfield,US,2021-05-14 19:10:16,40.8068,-74.1854,78.01,17,20,3.44
151,Sabha,LY,2021-05-14 19:14:37,27.0377,14.4283,90.54,15,96,13.8
152,Warrnambool,AU,2021-05-14 19:14:28,-38.3833,142.4833,46.0,80,100,1.01
153,Londoko,RU,2021-05-14 19:14:38,49.0333,131.9833,49.32,96,100,6.93
154,Beira,MZ,2021-05-14 19:14:38,-19.8436,34.8389,75.2,69,20,11.03
155,Beringovskiy,RU,2021-05-14 19:14:38,63.05,179.3167,31.66,96,100,13.76
156,Ngaoundere,CM,2021-05-14 19:14:39,7.3167,13.5833,67.95,90,100,3.53
157,Grants,US,2021-05-14 19:13:06,35.1473,-107.8514,80.6,7,1,9.22
158,Codrington,AU,2021-05-14 19:14:40,-38.2667,141.9667,48.79,67,99,24.02
159,Dubai,AE,2021-05-14 19:10:23,25.2582,55.3047,87.8,62,0,2.3
160,Rumonge,BI,2021-05-14 19:14:40,-3.9736,29.4386,71.04,84,17,3.18
161,Berck,FR,2021-05-14 19:14:40,50.4,1.6,51.8,76,90,5.75
162,Umea,SE,2021-05-14 19:14:41,63.8284,20.2597,51.8,66,75,8.05
163,Mariental,NA,2021-05-14 19:14:41,-24.6333,17.9667,68.76,18,1,8.28
164,Astoria,US,2021-05-14 19:13:31,46.1879,-123.8313,55.0,82,90,12.66
165,Coquimbo,CL,2021-05-14 19:11:54,-29.9533,-71.3436,62.6,72,0,13.8
166,Uyskoye,RU,2021-05-14 19:14:42,54.3775,60.0047,66.65,48,6,2.71
167,Masuguru,TZ,2021-05-14 19:14:42,-11.3667,38.4167,74.68,69,100,4.21
168,Kaitangata,NZ,2021-05-14 19:14:43,-46.2817,169.8464,48.11,76,100,14.54
169,Kapit,MY,2021-05-14 19:14:43,2.0167,112.9333,74.23,98,95,0.72
170,Kavieng,PG,2021-05-14 19:14:44,-2.5744,150.7967,83.64,75,17,13.82
171,Nuzvid,IN,2021-05-14 19:14:44,16.7833,80.85,83.77,77,52,8.93
172,Puerto Ayacucho,VE,2021-05-14 19:14:44,5.6639,-67.6236,88.11,61,69,0.76
173,Lebu,CL,2021-05-14 19:14:45,-37.6167,-73.65,59.2,76,100,5.08
174,Morant Bay,JM,2021-05-14 19:14:45,17.8815,-76.4093,86.0,70,75,16.11
175,Mount Isa,AU,2021-05-14 19:14:46,-20.7333,139.5,59.0,26,0,10.36
176,Maarianhamina,AX,2021-05-14 19:14:46,60.0973,19.9348,53.6,76,100,3.44
177,Sept-Iles,CA,2021-05-14 19:14:46,50.2001,-66.3821,55.4,28,75,12.66
178,Kailua,US,2021-05-14 19:14:47,21.4022,-157.7394,80.6,73,40,12.66
179,Vicosa Do Ceara,BR,2021-05-14 19:14:47,-3.5622,-41.0922,69.6,96,100,3.51
180,Butaritari,KI,2021-05-14 19:14:47,3.0707,172.7902,82.53,76,83,16.75
181,Muktsar,IN,2021-05-14 19:14:48,30.4833,74.5167,86.05,35,89,4.9
182,Muros,ES,2021-05-14 19:14:48,42.7762,-9.0603,62.01,74,100,13.98
183,Rock Springs,US,2021-05-14 19:10:43,41.5875,-109.2029,72.0,19,1,9.22
184,La Rioja,ES,2021-05-14 19:14:49,42.25,-2.5,66.2,39,0,4.61
185,Benguela,AO,2021-05-14 19:14:49,-12.5763,13.4055,79.11,77,0,3.49
186,Nikolayevka,RU,2021-05-14 19:14:50,53.1257,47.2041,66.81,72,100,6.06
187,Coihaique,CL,2021-05-14 19:14:50,-45.5752,-72.0662,41.0,89,90,5.75
188,Bathsheba,BB,2021-05-14 19:14:50,13.2167,-59.5167,84.2,61,40,18.41
189,Aklavik,CA,2021-05-14 19:14:51,68.2191,-135.0107,39.2,70,75,8.05
190,Cidreira,BR,2021-05-14 19:14:51,-30.1811,-50.2056,62.73,59,100,4.81
191,Richards Bay,ZA,2021-05-14 19:14:52,-28.783,32.0377,67.82,81,0,10.02
192,Antofagasta,CL,2021-05-14 19:14:52,-23.65,-70.4,73.0,77,90,12.66
193,Asyut,EG,2021-05-14 19:12:58,27.181,31.1837,87.8,29,0,14.97
194,Avera,US,2021-05-14 19:14:53,33.194,-82.5271,75.0,31,75,6.91
195,Haines Junction,CA,2021-05-14 19:14:53,60.7522,-137.5108,48.2,46,100,9.22
196,Puerto Del Rosario,ES,2021-05-14 19:10:15,28.5004,-13.8627,71.6,60,20,26.46
197,Yerbogachen,RU,2021-05-14 19:14:54,61.2767,108.0108,45.43,45,100,8.77
198,Baruun-Urt,MN,2021-05-14 19:14:54,46.6806,113.2792,39.76,42,100,6.96
199,Berlevag,NO,2021-05-14 19:14:55,70.8578,29.0864,35.6,64,75,13.8
200,Ponta Do Sol,PT,2021-05-14 19:14:55,32.6667,-17.1,71.6,40,20,13.8
201,Sibolga,ID,2021-05-14 19:14:55,1.7427,98.7792,77.74,86,71,2.93
202,Norman Wells,CA,2021-05-14 19:14:56,65.282,-126.8329,42.8,61,75,18.41
203,Ibra,OM,2021-05-14 19:14:56,22.6906,58.5334,86.16,41,98,8.68
204,Surt,LY,2021-05-14 19:14:57,31.2089,16.5887,68.47,73,28,15.77
205,Victoria,HK,2021-05-14 19:13:14,22.2855,114.1577,84.0,81,0,1.99
206,Bambous Virieux,MU,2021-05-14 19:14:57,-20.3428,57.7575,77.0,73,40,14.97
207,Guerrero Negro,MX,2021-05-14 19:13:16,27.9769,-114.0611,68.88,56,0,15.05
208,Dingle,PH,2021-05-14 19:14:58,10.9995,122.6711,78.03,89,100,5.82
209,Saint-Louis,SN,2021-05-14 19:14:58,16.3333,-15.0,105.8,16,0,4.61
210,Inzer,RU,2021-05-14 19:14:59,54.2167,57.5556,61.5,60,0,3.53
211,Arraial Do Cabo,BR,2021-05-14 19:13:08,-22.9661,-42.0278,75.2,68,0,3.44
212,Anadyr,RU,2021-05-14 19:14:59,64.75,177.4833,35.6,87,0,6.71
213,Mankono,CI,2021-05-14 19:15:00,8.0586,-6.1897,85.03,53,78,1.9
214,Noumea,NC,2021-05-14 19:15:00,-22.2763,166.4572,78.01,94,75,3.44
215,Hovd,MN,2021-05-14 19:15:01,48.0056,91.6419,49.39,56,99,3.29
216,Angostura,MX,2021-05-14 19:15:01,25.3667,-108.1833,97.0,45,39,11.01
217,Black River,JM,2021-05-14 19:15:02,18.0264,-77.8487,86.0,66,20,14.97
218,Creston,US,2021-05-14 19:15:03,41.0586,-94.3614,59.0,67,40,9.22
219,New Kensington,US,2021-05-14 19:15:03,40.5698,-79.7648,70.0,36,97,4.0
220,Sao Sebastiao,BR,2021-05-14 19:15:03,-23.76,-45.4097,71.02,71,99,5.1
221,Vitez,BA,2021-05-14 19:15:04,44.1544,17.7903,59.0,51,40,2.3
222,Avarua,CK,2021-05-14 19:15:05,-21.2078,-159.775,75.2,100,100,1.14
223,Belaya Gora,RU,2021-05-14 19:15:05,68.5333,146.4167,21.22,92,18,3.78
224,Faya,SA,2021-05-14 19:15:05,18.3851,42.4509,68.0,55,40,3.58
225,Turukhansk,RU,2021-05-14 19:15:06,65.8167,87.9833,29.01,97,100,6.31
226,Manta,EC,2021-05-14 19:15:06,-0.95,-80.7333,82.4,69,20,13.8
227,Iqaluit,CA,2021-05-14 19:15:07,63.7506,-68.5145,33.8,55,40,5.75
228,Prieska,ZA,2021-05-14 19:15:07,-29.6641,22.7474,67.26,26,2,8.81
229,Esmeraldas,BR,2021-05-14 19:15:07,-19.7625,-44.3139,77.0,56,40,10.36
230,Pangai,TO,2021-05-14 19:15:08,-19.8,-174.35,77.0,73,40,13.8
231,Ukiah,US,2021-05-14 19:11:47,39.1502,-123.2078,80.6,29,1,4.61
232,Sabaudia,IT,2021-05-14 19:15:08,41.3003,13.0282,57.0,91,100,1.01
233,Opuwo,NA,2021-05-14 19:15:10,-18.0607,13.84,66.7,33,3,4.63
234,Sabang,ID,2021-05-14 19:15:11,5.8933,95.3214,83.41,73,76,4.88
235,Shush,IR,2021-05-14 19:15:12,32.1942,48.2436,90.09,13,3,9.64
236,Guantanamo,CU,2021-05-14 19:15:12,20.1444,-75.2092,89.6,58,20,13.8
237,Flin Flon,CA,2021-05-14 19:10:40,54.7682,-101.865,51.8,50,90,9.22
238,Winchester,GB,2021-05-14 19:15:13,51.0651,-1.3187,53.01,82,20,4.61
239,Mapiripan,CO,2021-05-14 19:15:13,2.8892,-72.1256,85.46,66,80,4.5
240,Ilam,NP,2021-05-14 19:15:14,26.9167,87.9167,64.53,73,85,4.92
241,Te Anau,NZ,2021-05-14 19:15:14,-45.4167,167.7167,42.37,92,12,2.35
242,Leningradskiy,RU,2021-05-14 19:15:15,69.3833,178.4167,24.51,89,22,2.37
243,Bukachacha,RU,2021-05-14 19:15:15,52.9833,116.9167,34.41,94,71,4.07
244,Coahuayana,MX,2021-05-14 19:15:15,18.7333,-103.6833,78.8,69,75,8.05
245,Vysokogornyy,RU,2021-05-14 19:15:16,50.1167,139.15,40.26,93,100,3.94
246,Baykit,RU,2021-05-14 19:15:16,61.67,96.37,33.17,92,93,5.53
247,Emerald,AU,2021-05-14 19:15:17,-23.5333,148.1667,53.6,62,0,6.91
248,Manjeshwar,IN,2021-05-14 19:15:17,12.7194,74.8861,77.0,88,75,9.22
249,Lompoc,US,2021-05-14 19:15:17,34.6391,-120.4579,59.0,67,2,10.36
250,Vanimo,PG,2021-05-14 19:15:18,-2.6741,141.3028,78.12,88,87,5.21
251,Luzhou,CN,2021-05-14 19:15:19,28.8724,105.4405,76.03,88,98,3.56
252,Flinders,AU,2021-05-14 19:15:20,-34.5833,150.8552,55.0,63,100,1.01
253,Hamilton,US,2021-05-14 19:11:17,39.1834,-84.5333,72.0,26,1,4.61
254,Gondanglegi,ID,2021-05-14 19:15:20,-7.7479,112.0132,75.18,91,20,8.55
255,Ecublens,CH,2021-05-14 19:15:20,46.529,6.5626,55.0,69,40,1.99
256,Namibe,AO,2021-05-14 19:15:21,-15.1961,12.1522,77.83,66,0,6.38
257,Tessalit,ML,2021-05-14 19:15:21,20.1986,1.0114,99.59,5,60,9.15
258,Solnechnyy,RU,2021-05-14 19:15:22,50.7214,136.6319,47.43,87,100,3.33
259,Lashma,RU,2021-05-14 19:15:22,54.9321,41.1438,60.82,95,100,5.01
260,Pradopolis,BR,2021-05-14 19:15:22,-21.3594,-48.0656,82.4,36,75,3.44
261,Puerto Cabello,VE,2021-05-14 19:15:23,10.4731,-68.0125,77.72,90,100,11.41
262,Allouez,US,2021-05-14 19:15:23,44.4775,-88.0162,69.8,21,75,11.5
263,Vitoria,BR,2021-05-14 19:13:38,-20.3194,-40.3378,77.0,60,0,11.5
264,Pimentel,PE,2021-05-14 19:15:24,-6.8367,-79.9342,75.2,60,0,19.57
265,Akyab,MM,2021-05-14 19:15:24,20.15,92.9,82.54,80,46,4.63
266,Glens Falls,US,2021-05-14 19:12:57,43.3095,-73.644,71.01,34,40,11.5
267,Rujewa,TZ,2021-05-14 19:15:25,-8.7,34.3833,67.05,63,91,11.32
268,Mar Del Plata,AR,2021-05-14 19:15:00,-38.0023,-57.5575,68.0,45,0,10.36
269,Nabire,ID,2021-05-14 19:15:25,-3.3667,135.4833,76.69,90,99,3.47
270,Havoysund,NO,2021-05-14 19:15:26,70.9963,24.6622,35.6,64,75,13.8
271,Gacko,BA,2021-05-14 19:14:05,43.1672,18.5353,62.6,63,20,2.3
272,Yumen,CN,2021-05-14 19:15:26,40.2833,97.2,56.73,21,100,5.46
273,Jacareacanga,BR,2021-05-14 19:15:27,-6.2222,-57.7528,87.8,70,0,3.44
274,Koygorodok,RU,2021-05-14 19:15:27,60.445,50.9968,59.52,93,90,1.99
275,Chokurdakh,RU,2021-05-14 19:15:28,70.6333,147.9167,9.3,96,55,5.37
276,Lufilufi,WS,2021-05-14 19:15:28,-13.8745,-171.5986,80.6,89,20,9.08
277,Alta Floresta,BR,2021-05-14 19:15:28,-9.8756,-56.0861,91.4,49,20,5.75
278,Constitucion,CL,2021-05-14 19:15:29,-35.3333,-72.4167,62.4,64,100,12.64
279,Pozo Colorado,PY,2021-05-14 19:15:29,-23.4923,-58.7972,78.21,50,19,2.89
280,Christchurch,NZ,2021-05-14 19:15:09,-43.5333,172.6333,53.01,93,100,4.61
281,Cedar City,US,2021-05-14 19:15:30,37.6775,-113.0619,78.8,7,1,9.22
282,Veraval,IN,2021-05-14 19:15:30,20.9,70.3667,82.53,80,100,12.15
283,Najran,SA,2021-05-14 19:15:30,17.4924,44.1277,89.6,18,40,4.61
284,Mingyue,CN,2021-05-14 19:15:31,43.1069,128.9217,52.09,94,29,2.73
285,Sault Sainte Marie,CA,2021-05-14 19:15:10,46.5168,-84.3333,71.6,20,1,5.75
286,San Patricio,US,2021-05-14 19:15:31,28.017,-97.5169,84.2,61,75,13.8
287,Purpe,RU,2021-05-14 19:15:32,64.4803,76.6897,34.0,86,100,18.01
288,Paka,MY,2021-05-14 19:15:32,4.6374,103.4368,80.01,100,54,2.26
289,Neuquen,AR,2021-05-14 19:15:33,-38.9516,-68.0591,62.6,55,100,4.29
290,Palana,RU,2021-05-14 19:15:33,59.1167,159.9667,30.76,98,100,16.62
291,Suntar,RU,2021-05-14 19:15:34,62.1444,117.6319,42.42,55,16,4.68
292,Ornskoldsvik,SE,2021-05-14 19:15:34,63.2909,18.7153,46.4,87,90,4.61
293,Katsuura,JP,2021-05-14 19:15:34,35.1333,140.3,66.2,94,75,4.61
294,Port Blair,IN,2021-05-14 19:15:35,11.6667,92.75,84.07,72,19,2.89
295,Dudinka,RU,2021-05-14 19:15:35,69.4058,86.1778,11.26,98,77,6.22
296,Ambilobe,MG,2021-05-14 19:15:35,-13.2,49.05,72.48,85,46,3.44
297,Homer,US,2021-05-14 19:15:36,59.6425,-151.5483,46.4,76,1,6.91
298,Katangli,RU,2021-05-14 19:15:36,51.7102,143.2326,33.6,97,100,10.85
299,Regina,CA,2021-05-14 19:10:37,50.4501,-104.6178,73.0,20,20,2.3
300,Klaksvik,FO,2021-05-14 19:15:37,62.2266,-6.589,42.8,81,75,8.05
301,Marsh Harbour,BS,2021-05-14 19:15:37,26.5412,-77.0636,77.11,72,100,9.33
302,Karratha,AU,2021-05-14 19:15:38,-20.7377,116.8463,73.56,39,0,9.57
303,Makakilo City,US,2021-05-14 19:15:38,21.3469,-158.0858,80.6,57,20,9.22
304,Callaway,US,2021-05-14 19:15:38,30.153,-85.5699,80.01,38,1,10.36
305,Belmonte,BR,2021-05-14 19:15:39,-15.8631,-38.8828,75.2,78,75,9.22
306,Xam Nua,LA,2021-05-14 19:15:01,20.4197,104.0439,68.94,82,9,3.13
307,Hondo,JP,2021-05-14 19:15:40,32.45,130.2,71.01,94,100,1.01
308,Abdanan,IR,2021-05-14 19:15:40,32.9926,47.4198,79.11,17,0,6.98
309,Aswan,EG,2021-05-14 19:15:40,24.0934,32.907,88.54,7,0,6.64
310,Formosa,AR,2021-05-14 19:11:18,-26.1775,-58.1781,73.4,73,0,3.44
311,Ibadan,NG,2021-05-14 19:15:41,7.3878,3.8964,78.96,78,44,4.9
312,Velyka Oleksandrivka,UA,2021-05-14 19:15:41,47.3197,33.3037,56.35,77,13,8.55
313,Muhos,FI,2021-05-14 19:15:42,64.808,25.9931,55.4,62,0,11.5
314,Tungor,RU,2021-05-14 19:15:42,53.3808,142.9564,33.15,98,89,11.12
315,Svetlaya,RU,2021-05-14 19:15:43,46.5389,138.3297,44.19,82,100,9.75
316,Portland,US,2021-05-14 19:14:41,45.5234,-122.6762,73.99,46,20,8.05
317,Laguna,US,2021-05-14 19:15:43,38.421,-121.4238,75.0,52,1,10.36
318,Bend,US,2021-05-14 19:15:44,44.0582,-121.3153,73.4,23,1,9.22
319,Puerto Baquerizo Moreno,EC,2021-05-14 19:15:44,-0.9,-89.6,80.6,78,75,10.36
320,Skerries,IE,2021-05-14 19:15:45,53.5828,-6.1083,51.8,82,75,10.36
321,Sinop,TR,2021-05-14 19:15:45,41.7711,34.8709,56.01,53,6,2.75
322,Touros,BR,2021-05-14 19:15:46,-5.1989,-35.4608,75.2,100,90,4.61
323,Nichinan,JP,2021-05-14 19:15:46,31.6,131.3667,69.62,98,100,4.79
324,Pervomayskoye,RU,2021-05-14 19:15:47,43.919,46.7102,68.68,45,0,18.59
325,Eyl,SO,2021-05-14 19:15:47,7.9803,49.8164,83.34,79,98,22.55
326,Sisimiut,GL,2021-05-14 19:15:47,66.9395,-53.6735,36.79,70,100,6.26
327,Faanui,PF,2021-05-14 19:15:48,-16.4833,-151.75,81.57,76,100,18.97
328,Namtsy,RU,2021-05-14 19:15:48,62.7161,129.6658,28.4,64,0,2.24
329,Osakarovka,KZ,2021-05-14 19:15:49,50.565,72.5692,52.84,56,1,3.96
330,Aitape,PG,2021-05-14 19:15:49,-3.1374,142.3475,78.03,87,93,4.5
331,Bilma,NE,2021-05-14 19:15:50,18.6853,12.9164,96.57,7,75,7.31
332,Kashi,CN,2021-05-14 19:15:50,39.4547,75.9797,51.8,82,75,13.42
333,Chepareria,KE,2021-05-14 19:15:50,1.3077,35.2039,62.67,79,37,3.96
334,Alofi,NU,2021-05-14 19:15:51,-19.0595,-169.9187,77.0,94,100,5.75
335,Mecca,SA,2021-05-14 19:12:05,21.4267,39.8261,85.66,21,0,7.05
336,Douglas,US,2021-05-14 19:14:22,41.3,-96.167,64.99,59,40,9.22
337,Lodja,CD,2021-05-14 19:15:51,-3.4833,23.4333,78.93,61,95,2.1
338,Sola,VU,2021-05-14 19:15:52,-13.8833,167.55,75.2,100,75,6.87
339,Basoko,CD,2021-05-14 19:15:52,1.2391,23.616,74.34,88,100,4.43
340,Ishigaki,JP,2021-05-14 19:15:53,24.3448,124.1572,81.25,85,72,17.92
341,Nelson Bay,AU,2021-05-14 19:15:53,-32.7167,152.15,51.01,87,67,10.36
342,Nouadhibou,MR,2021-05-14 19:11:25,20.931,-17.0347,69.8,73,100,26.46
343,Port Lincoln,AU,2021-05-14 19:15:54,-34.7333,135.8667,57.58,65,97,13.11
344,Khandyga,RU,2021-05-14 19:15:54,62.6667,135.6,37.09,65,96,3.8
345,Tateyama,JP,2021-05-14 19:15:54,34.9833,139.8667,64.0,93,100,6.2
346,Luwuk,ID,2021-05-14 19:15:55,-0.9516,122.7875,77.97,85,38,5.32
347,Auki,SB,2021-05-14 19:15:55,-8.7676,160.7034,77.31,87,12,3.36
348,Egvekinot,RU,2021-05-14 19:15:56,66.3167,-179.1667,30.13,88,100,7.92
349,Labuan,MY,2021-05-14 19:15:56,5.2767,115.2417,78.8,94,20,2.3
350,Ostrovnoy,RU,2021-05-14 19:15:56,68.0531,39.5131,31.69,94,100,17.34
351,Katobu,ID,2021-05-14 19:15:57,-4.9408,122.5276,74.8,93,98,3.67
352,Istok,XK,2021-05-14 19:15:57,42.7808,20.4875,53.6,71,75,5.75
353,Trostberg,DE,2021-05-14 19:15:58,48.0279,12.5582,53.01,42,63,3.04
354,Malindi,KE,2021-05-14 19:15:58,-3.2175,40.1191,78.75,83,96,14.97
355,Huambo,AO,2021-05-14 19:15:00,-12.7761,15.7392,58.46,66,4,2.77
356,Nantucket,US,2021-05-14 19:15:59,41.2835,-70.0995,66.2,39,1,9.22
357,Merauke,ID,2021-05-14 19:15:59,-8.4667,140.3333,79.2,85,76,12.77
358,Boa Vista,BR,2021-05-14 19:11:13,2.8197,-60.6733,77.0,88,90,10.36
359,Bealanana,MG,2021-05-14 19:16:00,-14.55,48.7333,58.77,98,59,4.56
360,Kamaishi,JP,2021-05-14 19:16:00,39.2667,141.8833,53.64,64,2,3.56
361,Mayo,US,2021-05-14 19:16:01,38.8876,-76.5119,72.0,30,1,10.36
362,Menongue,AO,2021-05-14 19:16:01,-14.6585,17.691,60.46,51,9,3.94
363,Naduvattam,IN,2021-05-14 19:16:02,11.4833,76.5667,57.42,98,100,5.39
364,Saint-Augustin,CA,2021-05-14 19:16:02,51.226,-58.6502,48.38,53,99,8.55
365,Praia Da Vitoria,PT,2021-05-14 19:16:03,38.7333,-27.0667,73.4,68,20,13.8
366,Conceicao Do Araguaia,BR,2021-05-14 19:16:03,-8.2578,-49.2647,89.6,45,0,4.61
367,Seddon,AU,2021-05-14 19:16:03,-37.8068,144.8916,48.0,93,75,18.41
368,Camopi,GF,2021-05-14 19:16:04,3.1655,-52.3158,73.4,99,100,0.51
369,Guarda,PT,2021-05-14 19:16:04,40.5373,-7.2658,59.0,74,100,7.0
370,San Cristobal,VE,2021-05-14 19:16:04,7.7669,-72.225,89.6,55,40,11.5
371,Camocim,BR,2021-05-14 19:16:05,-2.9022,-40.8411,77.04,88,100,16.26
372,Sao Gabriel Da Cachoeira,BR,2021-05-14 19:16:05,-0.1303,-67.0892,87.8,70,20,10.36
373,Uxbridge,US,2021-05-14 19:16:06,42.0773,-71.6295,75.2,20,1,3.44
374,Yulara,AU,2021-05-14 19:16:06,-25.2406,130.9889,50.0,76,0,6.91
375,Sambava,MG,2021-05-14 19:16:07,-14.2667,50.1667,76.15,80,71,12.26
376,Smithers,CA,2021-05-14 19:15:02,54.7804,-127.1743,59.0,41,40,4.61
377,Jiazi,CN,2021-05-14 19:16:07,22.8779,116.067,77.99,92,13,2.89
378,Tottori,JP,2021-05-14 19:16:08,35.5,134.2333,65.08,89,100,5.75
379,Panorama,GR,2021-05-14 19:16:08,40.5878,23.0315,71.01,40,20,9.22
380,Ambovombe,MG,2021-05-14 19:16:08,-25.1667,46.0833,69.69,83,0,8.48
381,Kadhan,PK,2021-05-14 19:16:09,24.481,68.9859,83.01,75,91,15.88
382,Ahipara,NZ,2021-05-14 19:16:09,-35.1667,173.1667,63.41,92,33,10.25
383,Tuatapere,NZ,2021-05-14 19:16:10,-46.1333,167.6833,48.0,82,100,13.0
384,Pisco,PE,2021-05-14 19:11:16,-13.7,-76.2167,71.01,77,7,10.36
385,Zschopau,DE,2021-05-14 19:16:10,50.75,13.0667,51.01,85,23,2.86
386,Llanes,ES,2021-05-14 19:16:11,43.4198,-4.7549,60.01,75,100,5.5
387,Perigueux,FR,2021-05-14 19:14:18,45.1833,0.7167,55.0,62,100,4.56
388,Manadhoo,MV,2021-05-14 19:16:11,5.7667,73.3833,84.18,76,100,30.91
389,Tuy Hoa,VN,2021-05-14 19:16:12,13.0833,109.3,79.02,90,57,2.93
390,Liverpool,GB,2021-05-14 19:16:12,53.4106,-2.9779,57.2,72,79,5.75
391,Luanda,AO,2021-05-14 19:16:07,-8.8368,13.2343,78.8,83,20,6.91
392,Yanam,IN,2021-05-14 19:16:13,16.7333,82.2167,82.29,83,98,4.41
393,Harrison,US,2021-05-14 19:14:03,30.4091,-89.0436,79.0,53,20,10.36
394,Puerto Leguizamo,CO,2021-05-14 19:16:13,-0.1934,-74.7819,79.84,89,95,1.95
395,Oussouye,SN,2021-05-14 19:16:14,12.485,-16.5469,89.6,74,0,6.91
396,Ilulissat,GL,2021-05-14 19:16:14,69.2167,-51.1,39.2,52,75,4.61
397,Ojuelos De Jalisco,MX,2021-05-14 19:16:14,21.8667,-101.5833,73.0,39,28,6.96
398,Hobyo,SO,2021-05-14 19:16:15,5.3505,48.5268,81.84,80,0,25.14
399,Kitimat,CA,2021-05-14 19:16:09,54.0524,-128.6534,60.01,61,91,4.0
400,Auchi,NG,2021-05-14 19:16:15,7.0667,6.2667,80.2,72,27,4.03
401,Jodiya,IN,2021-05-14 19:16:16,22.6925,70.306,91.0,74,4,9.22
402,West Wendover,US,2021-05-14 19:16:16,40.7391,-114.0733,74.79,22,7,3.11
403,Byron Bay,AU,2021-05-14 19:16:16,-28.65,153.6167,50.0,93,5,3.44
404,Sulina,RO,2021-05-14 19:16:17,45.1559,29.6536,60.1,79,72,13.2
405,Maryborough,AU,2021-05-14 19:16:17,-25.5333,152.7,57.99,71,21,4.0
406,Zurrieq,MT,2021-05-14 19:16:18,35.8311,14.4742,66.99,77,0,18.41
407,Husavik,IS,2021-05-14 19:16:18,66.0449,-17.3389,44.6,49,75,13.8
408,Kodinsk,RU,2021-05-14 19:16:18,58.6881,99.1844,34.07,87,9,8.81
409,Burnie,AU,2021-05-14 19:16:19,-41.0667,145.9167,43.0,76,100,7.0
410,Tambun,ID,2021-05-14 19:16:19,-6.2641,107.0712,82.99,74,40,4.61
411,Tawau,MY,2021-05-14 19:16:19,4.2498,117.8871,78.01,100,40,4.41
412,Aloleng,PH,2021-05-14 19:16:20,16.1307,119.7824,82.62,68,91,8.79
413,Jammu,IN,2021-05-14 19:16:21,32.7333,74.8667,75.2,50,40,6.91
414,Kirovohrad,UA,2021-05-14 19:16:21,48.5132,32.2597,57.13,88,46,10.54
415,Talcahuano,CL,2021-05-14 19:13:15,-36.7167,-73.1167,62.6,72,0,9.22
416,Vallenar,CL,2021-05-14 19:16:22,-28.5708,-70.7581,85.75,22,0,7.87
417,Snezhnogorsk,RU,2021-05-14 19:16:22,69.1933,33.2531,33.8,80,75,11.18
418,Obidos,BR,2021-05-14 19:16:22,-1.9175,-55.5181,85.08,66,89,3.36
419,Vestmannaeyjar,IS,2021-05-14 19:16:23,63.4427,-20.2734,42.8,70,40,23.02
420,Kologriv,RU,2021-05-14 19:16:23,58.8275,44.3178,58.35,72,56,1.34
421,Svetlyy,RU,2021-05-14 19:16:24,54.675,20.1347,48.2,93,20,4.47
422,Los Llanos De Aridane,ES,2021-05-14 19:16:24,28.6585,-17.9182,69.8,73,20,19.57
423,Aasiaat,GL,2021-05-14 19:16:24,68.7098,-52.8699,33.89,72,79,2.84
424,Maceio,BR,2021-05-14 19:13:52,-9.6658,-35.7353,75.2,83,75,17.27
425,Marawi,PH,2021-05-14 19:16:25,7.9986,124.2928,80.01,87,100,0.81
426,Ilhabela,BR,2021-05-14 19:16:25,-23.7781,-45.3581,71.04,70,98,6.04
427,Bilibino,RU,2021-05-14 19:16:26,68.0546,166.4372,20.95,92,100,2.17
428,Sitka,US,2021-05-14 19:16:26,57.0531,-135.33,48.2,87,90,11.5
429,Paamiut,GL,2021-05-14 19:16:26,61.994,-49.6678,37.94,55,100,6.85
430,Clyde River,CA,2021-05-14 19:16:27,70.4692,-68.5914,26.6,93,90,12.66
431,Kungurtug,RU,2021-05-14 19:16:27,50.5994,97.5228,35.76,66,22,1.79
432,Geraldton,AU,2021-05-14 19:16:27,-28.7667,114.6,71.6,43,40,19.57
433,Rocha,UY,2021-05-14 19:16:28,-34.4833,-54.3333,63.61,60,10,3.85
434,Kentau,KZ,2021-05-14 19:16:28,43.5206,68.5094,64.83,30,0,20.2
435,The Valley,AI,2021-05-14 19:16:29,18.217,-63.0578,86.0,74,20,14.97
436,Deputatskiy,RU,2021-05-14 19:16:29,69.3,139.9,18.0,93,100,2.86
437,Coxim,BR,2021-05-14 19:16:29,-18.5067,-54.76,91.56,29,100,2.98
438,Ayan,RU,2021-05-14 19:16:30,56.45,138.1667,33.35,99,100,7.05
439,Okhotsk,RU,2021-05-14 19:16:30,59.3833,143.3,33.67,85,100,4.23
440,Tomatlan,MX,2021-05-14 19:16:31,19.9333,-105.25,86.02,56,99,3.83
441,Eureka,US,2021-05-14 19:16:31,40.8021,-124.1637,54.0,85,100,4.0
442,Santa Cruz,BO,2021-05-14 19:15:45,-17.8,-63.1667,81.21,43,40,8.7
443,Troy,US,2021-05-14 19:13:02,42.6056,-83.1499,72.0,17,75,4.61
444,Santa Isabel,BR,2021-05-14 19:16:32,-23.3156,-46.2214,68.0,64,20,8.05
445,Coreau,BR,2021-05-14 19:16:32,-3.5333,-40.6567,74.71,94,100,2.59
446,Arica,CL,2021-05-14 19:13:39,-18.475,-70.3042,68.0,68,0,11.5
447,Zhigansk,RU,2021-05-14 19:16:33,66.7697,123.3711,38.28,69,100,13.38
448,Hasaki,JP,2021-05-14 19:16:33,35.7333,140.8333,62.6,94,40,5.75
449,Marrakesh,MA,2021-05-14 19:16:34,31.6315,-8.0083,84.2,39,40,11.5
450,Itoman,JP,2021-05-14 19:16:34,26.1247,127.6694,78.8,94,75,12.66
451,Colesberg,ZA,2021-05-14 19:16:35,-30.72,25.0972,60.91,29,2,7.81
452,Acarau,BR,2021-05-14 19:16:35,-2.8856,-40.12,74.7,92,100,13.13
453,Maua,BR,2021-05-14 19:16:35,-23.6678,-46.4614,64.4,77,40,12.66
454,Newport,GB,2021-05-14 19:16:36,51.5877,-2.9984,55.0,81,100,9.13
455,Wajid,SO,2021-05-14 19:16:36,3.8093,43.2471,83.91,46,57,19.57
456,Sorong,ID,2021-05-14 19:16:36,-0.8833,131.25,79.48,84,99,2.66
457,Rovnoye,RU,2021-05-14 19:16:37,50.7765,46.0509,66.78,56,98,10.76
458,Mitu,CO,2021-05-14 19:13:21,1.1983,-70.1733,82.29,82,32,2.55
459,Rzhev,RU,2021-05-14 19:16:37,56.2624,34.3282,54.09,94,87,7.38
460,Roccastrada,IT,2021-05-14 19:16:38,43.0099,11.1665,53.01,87,75,5.75
461,Maniitsoq,GL,2021-05-14 19:16:38,65.4167,-52.9,37.2,75,100,10.58
462,Beatrice,US,2021-05-14 19:16:39,40.2681,-96.747,69.8,56,90,16.11
463,Hokitika,NZ,2021-05-14 19:16:39,-42.7167,170.9667,56.03,85,100,16.91
464,Oranjestad,AW,2021-05-14 19:16:39,12.524,-70.027,86.0,66,20,24.16
465,Awbari,LY,2021-05-14 19:12:08,26.5921,12.7805,91.17,16,23,15.93
466,Newberry,US,2021-05-14 19:16:40,34.2746,-81.6187,72.0,40,69,1.99
467,Bonavista,CA,2021-05-14 19:16:40,48.6499,-53.1147,48.2,61,98,3.44
468,Ocampo,MX,2021-05-14 19:16:41,21.65,-101.5,82.0,50,18,8.93
469,Yatou,CN,2021-05-14 19:16:41,37.15,122.3833,59.14,98,100,9.75
470,Myingyan,MM,2021-05-14 19:16:41,21.4667,95.3833,89.22,49,59,7.92
471,Nowy Dwor Gdanski,PL,2021-05-14 19:16:42,54.2131,19.1177,55.0,87,0,4.61
472,Inirida,CO,2021-05-14 19:16:42,3.8653,-67.9239,83.34,81,92,3.11
473,Asau,RO,2021-05-14 19:16:43,46.4333,26.4,54.0,51,94,5.1
474,Sliema,MT,2021-05-14 19:16:43,35.9125,14.5019,66.99,77,0,18.41
475,Baley,RU,2021-05-14 19:16:43,51.6,116.6333,36.19,87,55,3.71
476,Kloulklubed,PW,2021-05-14 19:16:44,7.0419,134.2556,80.6,83,75,8.05
477,Sur,OM,2021-05-14 19:16:44,22.5667,59.5289,90.46,46,5,11.34
478,Warri,NG,2021-05-14 19:16:45,5.5167,5.75,78.48,84,94,4.85
479,Cayenne,GF,2021-05-14 19:12:16,4.9333,-52.3333,84.2,74,75,3.44
480,Bonfim,BR,2021-05-14 19:16:45,3.0833,-59.95,82.4,78,75,13.8
481,Arman,RU,2021-05-14 19:16:45,59.7,150.1667,32.09,91,89,4.34
482,Pacific Grove,US,2021-05-14 19:16:46,36.6177,-121.9166,55.0,89,45,3.0
483,Alice Town,BS,2021-05-14 19:16:46,25.7167,-79.3,78.46,71,100,9.62
484,Los Andes,CL,2021-05-14 19:15:42,-32.8337,-70.5983,75.0,33,40,10.36
485,Cap Malheureux,MU,2021-05-14 19:16:47,-19.9842,57.6142,75.0,79,14,7.0
486,Ulaangom,MN,2021-05-14 19:16:47,49.9811,92.0667,53.44,44,58,2.82
487,Bambanglipuro,ID,2021-05-14 19:16:48,-7.95,110.2833,76.84,87,94,5.5
488,Gillette,US,2021-05-14 19:15:48,44.2911,-105.5022,64.4,39,40,6.91
489,Santiago Del Estero,AR,2021-05-14 19:14:25,-27.7951,-64.2615,73.47,32,0,7.54
490,Zamberk,CZ,2021-05-14 19:16:48,50.086,16.4674,51.01,91,100,2.28
491,Burns Lake,CA,2021-05-14 19:15:11,54.2331,-125.7533,57.2,35,100,5.75
492,Naze,JP,2021-05-14 19:16:49,28.3667,129.4833,71.8,93,57,7.92
493,Longyearbyen,SJ,2021-05-14 19:16:49,78.2186,15.6401,26.6,68,75,12.66
494,Ancud,CL,2021-05-14 19:16:50,-41.8697,-73.8203,59.0,77,40,12.66
495,Ovre Ardal,NO,2021-05-14 19:16:50,61.3167,7.8,59.0,58,40,4.61
496,Nevers,FR,2021-05-14 19:16:51,46.9167,3.3333,53.6,76,90,10.36
497,Maragogi,BR,2021-05-14 19:16:51,-9.0122,-35.2225,78.44,83,100,10.2
498,Umm Kaddadah,SD,2021-05-14 19:16:52,13.6017,26.6876,88.03,10,6,11.61
499,Coos Bay,US,2021-05-14 19:13:32,43.3665,-124.2179,54.0,87,90,19.57
500,Palmer,US,2021-05-14 19:16:52,42.1584,-72.3287,75.2,20,75,3.44
501,Boende,CD,2021-05-14 19:16:53,-0.2167,20.8667,73.67,93,96,1.39
502,Port Augusta,AU,2021-05-14 19:16:53,-32.5,137.7667,53.6,82,90,5.75
503,Korem,ET,2021-05-14 19:16:53,12.5058,39.5228,61.5,63,29,2.86
504,Hofn,IS,2021-05-14 19:16:54,64.2539,-15.2082,41.0,48,75,16.11
505,Walvis Bay,NA,2021-05-14 19:16:55,-22.9575,14.5053,72.9,41,0,9.64
506,Ouro Preto Do Oeste,BR,2021-05-14 19:16:55,-10.7481,-62.2158,82.6,66,96,4.38
507,Dzhebariki-Khaya,RU,2021-05-14 19:16:56,62.2167,135.8,39.88,67,100,2.91
508,Aimores,BR,2021-05-14 19:15:37,-19.4958,-41.0639,66.99,88,97,1.48
509,Houston,US,2021-05-14 19:16:32,29.7633,-95.3633,82.99,44,90,8.05
510,Teguldet,RU,2021-05-14 19:16:56,57.3064,88.1667,39.83,64,59,6.04
511,Port Hedland,AU,2021-05-14 19:16:57,-20.3167,118.5667,64.4,52,0,9.22
512,Ossora,RU,2021-05-14 19:16:57,59.2353,163.0719,31.26,87,80,0.76
513,Barcelona,ES,2021-05-14 19:16:37,41.3888,2.159,62.01,77,20,5.75
514,Evensk,RU,2021-05-14 19:16:58,61.95,159.2333,31.37,97,100,3.42
515,Marzuq,YE,2021-05-14 19:16:58,14.4,46.4667,84.51,42,0,6.6
516,Grindavik,IS,2021-05-14 19:16:58,63.8424,-22.4338,42.8,75,75,14.97
517,Vaitape,PF,2021-05-14 19:16:59,-16.5167,-151.75,81.54,76,100,19.13
518,Aransas Pass,US,2021-05-14 19:16:59,27.9095,-97.15,82.4,65,40,14.97
519,Buarcos,PT,2021-05-14 19:17:00,40.166,-8.8768,62.01,77,40,5.75
520,Ugoofaaru,MV,2021-05-14 19:17:00,5.6667,73.0,84.25,76,100,30.36
521,Daru,PG,2021-05-14 19:17:01,-9.0763,143.2092,78.06,89,100,9.48
522,Seoul,KR,2021-05-14 19:16:46,37.5683,126.9778,69.8,77,100,4.61
523,Sitio Novo Do Tocantins,BR,2021-05-14 19:17:01,-5.5183,-47.4611,89.6,55,40,5.75
524,Molina,CL,2021-05-14 19:17:02,-35.1167,-71.2833,63.0,67,100,8.05
525,Saint-Raymond,CA,2021-05-14 19:17:02,45.467,-73.6095,75.2,20,73,6.91
526,Guane,CU,2021-05-14 19:17:02,22.2025,-84.0875,91.9,41,100,5.21
527,Phayao,TH,2021-05-14 19:17:03,19.25,100.25,81.0,45,46,3.09
528,Rypefjord,NO,2021-05-14 19:17:03,70.6333,23.6667,35.6,64,75,13.8
529,Gorontalo,ID,2021-05-14 19:17:04,0.5412,123.0595,75.63,92,88,1.99
530,Dargaville,NZ,2021-05-14 19:17:04,-35.9333,173.8833,62.49,92,52,11.45
531,Korla,CN,2021-05-14 19:17:04,41.7597,86.1469,58.19,45,100,0.31
532,Nynashamn,SE,2021-05-14 19:17:05,58.9034,17.9479,52.0,87,90,3.44
533,Shahrud,IR,2021-05-14 19:17:05,36.4182,54.9763,64.26,47,100,7.99
534,Sobolevo,RU,2021-05-14 19:17:06,54.4299,31.8996,55.13,95,100,6.89
535,Bogorodskoye,RU,2021-05-14 19:17:06,56.55,37.8833,56.25,92,100,9.71
536,Blind River,CA,2021-05-14 19:17:07,46.1834,-82.9582,66.2,30,1,10.36
537,Tucumcari,US,2021-05-14 19:13:11,35.1717,-103.725,86.0,21,1,13.8
538,Madinat Sittah Uktubar,EG,2021-05-14 19:17:07,29.8167,31.05,78.8,36,0,16.11
539,Iquitos,PE,2021-05-14 19:17:08,-3.7481,-73.2472,78.8,89,75,8.05
540,Kapuskasing,CA,2021-05-14 19:17:08,49.4169,-82.4331,68.0,30,100,11.5
541,Dourdan,FR,2021-05-14 19:17:09,48.5277,2.0111,53.01,83,66,6.2
542,Meadow Lake,US,2021-05-14 19:17:09,34.8014,-106.5436,88.0,11,20,11.5
543,Oktyabrskoye,RU,2021-05-14 19:17:09,43.0645,44.7417,66.2,77,3,6.71
544,Slyudyanka,RU,2021-05-14 19:17:10,51.6594,103.7061,39.06,60,6,6.62
545,Soderhamn,SE,2021-05-14 19:17:10,61.3037,17.0592,43.0,87,25,8.77
546,Les Cayes,HT,2021-05-14 19:17:10,18.2,-73.75,83.95,65,56,11.59
547,Rabaul,PG,2021-05-14 19:17:11,-4.1967,152.1721,80.06,80,0,5.66
548,Lota,CL,2021-05-14 19:16:21,-37.0833,-73.1667,62.6,72,0,9.22
549,Ambon,ID,2021-05-14 19:17:11,-3.6954,128.1814,80.91,81,96,7.18
550,Nandurbar,IN,2021-05-14 19:17:12,21.3667,74.25,90.79,26,36,9.26
551,Barra Dos Coqueiros,BR,2021-05-14 19:17:12,-10.9089,-37.0386,73.4,94,75,5.75
552,Colares,PT,2021-05-14 19:17:13,38.7992,-9.4469,64.99,72,20,12.66
553,Wattegama,LK,2021-05-14 19:17:13,6.7989,81.4808,76.75,89,100,1.48
554,Ust-Tsilma,RU,2021-05-14 19:17:13,65.441,52.1498,56.25,76,100,7.07
555,Aquiraz,BR,2021-05-14 19:17:14,-3.9014,-38.3911,77.0,94,75,2.3
556,Acajutla,SV,2021-05-14 19:12:22,13.5928,-89.8275,91.4,46,40,6.91
557,Leshukonskoye,RU,2021-05-14 19:17:15,64.8989,45.7622,57.97,85,96,1.07
558,Uyar,RU,2021-05-14 19:17:15,55.81,94.3153,38.66,81,5,10.45
559,Tweed,CA,2021-05-14 19:17:15,44.4751,-77.3162,71.01,30,14,7.0
560,Half Moon Bay,US,2021-05-14 19:13:44,37.4636,-122.4286,66.99,93,90,9.22
561,Saldanha,ZA,2021-05-14 19:15:32,-33.0117,17.9442,60.8,82,100,8.05
